{"cameraMode":{"drawMode":0,"name":"Shaded","section":"Shading Mode"},"sceneLighting":true,"audioPlay":false,"sceneViewState":{"showFog":true,"showMaterialUpdate":false,"showSkybox":true,"showFlares":true,"showImageEffects":true,"showParticleSystems":true},"in2DMode":false,"pivot":{"x":-0.38454627990722659,"y":1.332014799118042,"z":-0.38455772399902346},"rotation":{"x":-0.060140881687402728,"y":0.9123996496200562,"z":-0.1451927274465561,"w":-0.37792810797691347},"size":10.0,"orthographic":false}